                  epoch,         train/box_loss,         train/cls_loss,         train/dfl_loss,   metrics/precision(B),      metrics/recall(B),       metrics/mAP50(B),    metrics/mAP50-95(B),           val/box_loss,           val/cls_loss,           val/dfl_loss,                 lr/pg0,                 lr/pg1,                 lr/pg2
                      1,                0.93709,                 2.6202,                 1.0159,                0.35563,                0.22013,                 0.1583,                0.12508,                0.85511,                 2.4507,                0.99448,               0.066847,              0.0001666,              0.0001666
                      2,                0.77574,                 1.4057,                0.95413,                0.44732,                  0.423,                 0.3846,                0.31226,                0.78557,                    1.5,                0.97584,               0.033547,             0.00019996,             0.00019996
